ticker,index,industry
360ONE.NS,Nifty 500,Financial Services
3MINDIA.NS,Nifty 500,Diversified
ABB.NS,Nifty 500,Capital Goods
ACC.NS,Nifty 500,Construction Materials
ACMESOLAR.NS,Nifty 500,Power
AIAENG.NS,Nifty 500,Capital Goods
APLAPOLLO.NS,Nifty 500,Capital Goods
AUBANK.NS,Nifty 500,Financial Services
AWL.NS,Nifty 500,Fast Moving Consumer Goods
AADHARHFC.NS,Nifty 500,Financial Services
AARTIIND.NS,Nifty 500,Chemicals
AAVAS.NS,Nifty 500,Financial Services
ABBOTINDIA.NS,Nifty 500,Healthcare
ACE.NS,Nifty 500,Capital Goods
ACUTAAS.NS,Nifty 500,Healthcare
ADANIENSOL.NS,Nifty 500,Power
ADANIENT.NS,Nifty 500,Metals & Mining
ADANIGREEN.NS,Nifty 500,Power
ADANIPORTS.NS,Nifty 500,Services
ADANIPOWER.NS,Nifty 500,Power
ATGL.NS,Nifty 500,Oil Gas & Consumable Fuels
ABCAPITAL.NS,Nifty 500,Financial Services
ABFRL.NS,Nifty 500,Consumer Services
ABLBL.NS,Nifty 500,Consumer Services
ABREL.NS,Nifty 500,Realty
ABSLAMC.NS,Nifty 500,Financial Services
CPPLUS.NS,Nifty 500,Capital Goods
AEGISLOG.NS,Nifty 500,Oil Gas & Consumable Fuels
AEGISVOPAK.NS,Nifty 500,Oil Gas & Consumable Fuels
AFCONS.NS,Nifty 500,Construction
AFFLE.NS,Nifty 500,Information Technology
AJANTPHARM.NS,Nifty 500,Healthcare
ALKEM.NS,Nifty 500,Healthcare
ABDL.NS,Nifty 500,Fast Moving Consumer Goods
ARE&M.NS,Nifty 500,Automobile and Auto Components
AMBER.NS,Nifty 500,Consumer Durables
AMBUJACEM.NS,Nifty 500,Construction Materials
ANANDRATHI.NS,Nifty 500,Financial Services
ANANTRAJ.NS,Nifty 500,Realty
ANGELONE.NS,Nifty 500,Financial Services
ANTHEM.NS,Nifty 500,Healthcare
ANURAS.NS,Nifty 500,Chemicals
APARINDS.NS,Nifty 500,Capital Goods
APOLLOHOSP.NS,Nifty 500,Healthcare
APOLLOTYRE.NS,Nifty 500,Automobile and Auto Components
APTUS.NS,Nifty 500,Financial Services
ASAHIINDIA.NS,Nifty 500,Automobile and Auto Components
ASHOKLEY.NS,Nifty 500,Capital Goods
ASIANPAINT.NS,Nifty 500,Consumer Durables
ASTERDM.NS,Nifty 500,Healthcare
ASTRAL.NS,Nifty 500,Capital Goods
ATHERENERG.NS,Nifty 500,Automobile and Auto Components
ATUL.NS,Nifty 500,Chemicals
AUROPHARMA.NS,Nifty 500,Healthcare
AIIL.NS,Nifty 500,Financial Services
DMART.NS,Nifty 500,Consumer Services
AXISBANK.NS,Nifty 500,Financial Services
BEML.NS,Nifty 500,Capital Goods
BLS.NS,Nifty 500,Consumer Services
BSE.NS,Nifty 500,Financial Services
BAJAJ-AUTO.NS,Nifty 500,Automobile and Auto Components
BAJFINANCE.NS,Nifty 500,Financial Services
BAJAJFINSV.NS,Nifty 500,Financial Services
BAJAJHLDNG.NS,Nifty 500,Financial Services
BAJAJHFL.NS,Nifty 500,Financial Services
BALKRISIND.NS,Nifty 500,Automobile and Auto Components
BALRAMCHIN.NS,Nifty 500,Fast Moving Consumer Goods
BANDHANBNK.NS,Nifty 500,Financial Services
BANKBARODA.NS,Nifty 500,Financial Services
BANKINDIA.NS,Nifty 500,Financial Services
MAHABANK.NS,Nifty 500,Financial Services
BATAINDIA.NS,Nifty 500,Consumer Durables
BAYERCROP.NS,Nifty 500,Chemicals
BELRISE.NS,Nifty 500,Automobile and Auto Components
BERGEPAINT.NS,Nifty 500,Consumer Durables
BDL.NS,Nifty 500,Capital Goods
BEL.NS,Nifty 500,Capital Goods
BHARATFORG.NS,Nifty 500,Automobile and Auto Components
BHEL.NS,Nifty 500,Capital Goods
BPCL.NS,Nifty 500,Oil Gas & Consumable Fuels
BHARTIARTL.NS,Nifty 500,Telecommunication
BHARTIHEXA.NS,Nifty 500,Telecommunication
BIKAJI.NS,Nifty 500,Fast Moving Consumer Goods
GROWW.NS,Nifty 500,Financial Services
BIOCON.NS,Nifty 500,Healthcare
BSOFT.NS,Nifty 500,Information Technology
BLUEDART.NS,Nifty 500,Services
BLUEJET.NS,Nifty 500,Healthcare
BLUESTARCO.NS,Nifty 500,Consumer Durables
BBTC.NS,Nifty 500,Fast Moving Consumer Goods
BOSCHLTD.NS,Nifty 500,Automobile and Auto Components
FIRSTCRY.NS,Nifty 500,Consumer Services
BRIGADE.NS,Nifty 500,Realty
BRITANNIA.NS,Nifty 500,Fast Moving Consumer Goods
MAPMYINDIA.NS,Nifty 500,Information Technology
CCL.NS,Nifty 500,Fast Moving Consumer Goods
CESC.NS,Nifty 500,Power
CGPOWER.NS,Nifty 500,Capital Goods
CIEINDIA.NS,Nifty 500,Automobile and Auto Components
CRISIL.NS,Nifty 500,Financial Services
CANFINHOME.NS,Nifty 500,Financial Services
CANBK.NS,Nifty 500,Financial Services
CANHLIFE.NS,Nifty 500,Financial Services
CAPLIPOINT.NS,Nifty 500,Healthcare
CGCL.NS,Nifty 500,Financial Services
CARBORUNIV.NS,Nifty 500,Capital Goods
CARTRADE.NS,Nifty 500,Consumer Services
CASTROLIND.NS,Nifty 500,Oil Gas & Consumable Fuels
CEATLTD.NS,Nifty 500,Automobile and Auto Components
CEMPRO.NS,Nifty 500,Construction
CENTRALBK.NS,Nifty 500,Financial Services
CDSL.NS,Nifty 500,Financial Services
CHALET.NS,Nifty 500,Consumer Services
CHAMBLFERT.NS,Nifty 500,Chemicals
CHENNPETRO.NS,Nifty 500,Oil Gas & Consumable Fuels
CHOICEIN.NS,Nifty 500,Financial Services
CHOLAHLDNG.NS,Nifty 500,Financial Services
CHOLAFIN.NS,Nifty 500,Financial Services
CIPLA.NS,Nifty 500,Healthcare
CUB.NS,Nifty 500,Financial Services
CLEAN.NS,Nifty 500,Chemicals
COALINDIA.NS,Nifty 500,Oil Gas & Consumable Fuels
COCHINSHIP.NS,Nifty 500,Capital Goods
COFORGE.NS,Nifty 500,Information Technology
COHANCE.NS,Nifty 500,Healthcare
COLPAL.NS,Nifty 500,Fast Moving Consumer Goods
CAMS.NS,Nifty 500,Financial Services
CONCORDBIO.NS,Nifty 500,Healthcare
CONCOR.NS,Nifty 500,Services
COROMANDEL.NS,Nifty 500,Chemicals
CRAFTSMAN.NS,Nifty 500,Automobile and Auto Components
CREDITACC.NS,Nifty 500,Financial Services
CROMPTON.NS,Nifty 500,Consumer Durables
CUMMINSIND.NS,Nifty 500,Capital Goods
CYIENT.NS,Nifty 500,Information Technology
DCMSHRIRAM.NS,Nifty 500,Diversified
DLF.NS,Nifty 500,Realty
DOMS.NS,Nifty 500,Fast Moving Consumer Goods
DABUR.NS,Nifty 500,Fast Moving Consumer Goods
DALBHARAT.NS,Nifty 500,Construction Materials
DATAPATTNS.NS,Nifty 500,Capital Goods
DEEPAKFERT.NS,Nifty 500,Chemicals
DEEPAKNTR.NS,Nifty 500,Chemicals
DELHIVERY.NS,Nifty 500,Services
DEVYANI.NS,Nifty 500,Consumer Services
DIVISLAB.NS,Nifty 500,Healthcare
DIXON.NS,Nifty 500,Consumer Durables
LALPATHLAB.NS,Nifty 500,Healthcare
DRREDDY.NS,Nifty 500,Healthcare
EIDPARRY.NS,Nifty 500,Fast Moving Consumer Goods
EIHOTEL.NS,Nifty 500,Consumer Services
EICHERMOT.NS,Nifty 500,Automobile and Auto Components
ELECON.NS,Nifty 500,Capital Goods
ELGIEQUIP.NS,Nifty 500,Capital Goods
EMAMILTD.NS,Nifty 500,Fast Moving Consumer Goods
EMCURE.NS,Nifty 500,Healthcare
EMMVEE.NS,Nifty 500,Capital Goods
ENDURANCE.NS,Nifty 500,Automobile and Auto Components
ENGINERSIN.NS,Nifty 500,Construction
ERIS.NS,Nifty 500,Healthcare
ESCORTS.NS,Nifty 500,Capital Goods
ETERNAL.NS,Nifty 500,Consumer Services
EXIDEIND.NS,Nifty 500,Automobile and Auto Components
NYKAA.NS,Nifty 500,Consumer Services
FEDERALBNK.NS,Nifty 500,Financial Services
FACT.NS,Nifty 500,Chemicals
FINCABLES.NS,Nifty 500,Capital Goods
FSL.NS,Nifty 500,Services
FIVESTAR.NS,Nifty 500,Financial Services
FORCEMOT.NS,Nifty 500,Automobile and Auto Components
FORTIS.NS,Nifty 500,Healthcare
GAIL.NS,Nifty 500,Oil Gas & Consumable Fuels
GVT&D.NS,Nifty 500,Capital Goods
GMRAIRPORT.NS,Nifty 500,Services
GABRIEL.NS,Nifty 500,Automobile and Auto Components
GALLANTT.NS,Nifty 500,Capital Goods
GRSE.NS,Nifty 500,Capital Goods
GICRE.NS,Nifty 500,Financial Services
GILLETTE.NS,Nifty 500,Fast Moving Consumer Goods
GLAND.NS,Nifty 500,Healthcare
GLAXO.NS,Nifty 500,Healthcare
GLENMARK.NS,Nifty 500,Healthcare
MEDANTA.NS,Nifty 500,Healthcare
GODIGIT.NS,Nifty 500,Financial Services
GPIL.NS,Nifty 500,Capital Goods
GODFRYPHLP.NS,Nifty 500,Fast Moving Consumer Goods
GODREJCP.NS,Nifty 500,Fast Moving Consumer Goods
GODREJIND.NS,Nifty 500,Diversified
GODREJPROP.NS,Nifty 500,Realty
GRANULES.NS,Nifty 500,Healthcare
GRAPHITE.NS,Nifty 500,Capital Goods
GRASIM.NS,Nifty 500,Construction Materials
GRAVITA.NS,Nifty 500,Metals & Mining
GESHIP.NS,Nifty 500,Services
FLUOROCHEM.NS,Nifty 500,Chemicals
GMDCLTD.NS,Nifty 500,Metals & Mining
HEG.NS,Nifty 500,Capital Goods
HBLENGINE.NS,Nifty 500,Capital Goods
HCLTECH.NS,Nifty 500,Information Technology
HDBFS.NS,Nifty 500,Financial Services
HDFCAMC.NS,Nifty 500,Financial Services
HDFCBANK.NS,Nifty 500,Financial Services
HDFCLIFE.NS,Nifty 500,Financial Services
HFCL.NS,Nifty 500,Telecommunication
HAVELLS.NS,Nifty 500,Consumer Durables
HEROMOTOCO.NS,Nifty 500,Automobile and Auto Components
HEXT.NS,Nifty 500,Information Technology
HSCL.NS,Nifty 500,Chemicals
HINDALCO.NS,Nifty 500,Metals & Mining
HAL.NS,Nifty 500,Capital Goods
HINDCOPPER.NS,Nifty 500,Metals & Mining
HINDPETRO.NS,Nifty 500,Oil Gas & Consumable Fuels
HINDUNILVR.NS,Nifty 500,Fast Moving Consumer Goods
HINDZINC.NS,Nifty 500,Metals & Mining
POWERINDIA.NS,Nifty 500,Capital Goods
HOMEFIRST.NS,Nifty 500,Financial Services
HONASA.NS,Nifty 500,Fast Moving Consumer Goods
HONAUT.NS,Nifty 500,Capital Goods
HUDCO.NS,Nifty 500,Financial Services
HYUNDAI.NS,Nifty 500,Automobile and Auto Components
ICICIBANK.NS,Nifty 500,Financial Services
ICICIGI.NS,Nifty 500,Financial Services
ICICIAMC.NS,Nifty 500,Financial Services
ICICIPRULI.NS,Nifty 500,Financial Services
IDBI.NS,Nifty 500,Financial Services
IDFCFIRSTB.NS,Nifty 500,Financial Services
IFCI.NS,Nifty 500,Financial Services
IIFL.NS,Nifty 500,Financial Services
IRB.NS,Nifty 500,Construction
IRCON.NS,Nifty 500,Construction
ITCHOTELS.NS,Nifty 500,Consumer Services
ITC.NS,Nifty 500,Fast Moving Consumer Goods
ITI.NS,Nifty 500,Telecommunication
INDGN.NS,Nifty 500,Healthcare
INDIACEM.NS,Nifty 500,Construction Materials
INDIAMART.NS,Nifty 500,Consumer Services
INDIANB.NS,Nifty 500,Financial Services
IEX.NS,Nifty 500,Financial Services
INDHOTEL.NS,Nifty 500,Consumer Services
IOC.NS,Nifty 500,Oil Gas & Consumable Fuels
IOB.NS,Nifty 500,Financial Services
IRCTC.NS,Nifty 500,Consumer Services
IRFC.NS,Nifty 500,Financial Services
IREDA.NS,Nifty 500,Financial Services
IGL.NS,Nifty 500,Oil Gas & Consumable Fuels
INDUSTOWER.NS,Nifty 500,Telecommunication
INDUSINDBK.NS,Nifty 500,Financial Services
NAUKRI.NS,Nifty 500,Consumer Services
INFY.NS,Nifty 500,Information Technology
INOXWIND.NS,Nifty 500,Capital Goods
INTELLECT.NS,Nifty 500,Information Technology
INDIGO.NS,Nifty 500,Services
IGIL.NS,Nifty 500,Services
IKS.NS,Nifty 500,Information Technology
IPCALAB.NS,Nifty 500,Healthcare
JKCEMENT.NS,Nifty 500,Construction Materials
JBMA.NS,Nifty 500,Automobile and Auto Components
JKTYRE.NS,Nifty 500,Automobile and Auto Components
JMFINANCIL.NS,Nifty 500,Financial Services
JSWCEMENT.NS,Nifty 500,Construction Materials
JSWDULUX.NS,Nifty 500,Consumer Durables
JSWENERGY.NS,Nifty 500,Power
JSWINFRA.NS,Nifty 500,Services
JSWSTEEL.NS,Nifty 500,Metals & Mining
JAINREC.NS,Nifty 500,Metals & Mining
JPPOWER.NS,Nifty 500,Power
J&KBANK.NS,Nifty 500,Financial Services
JINDALSAW.NS,Nifty 500,Capital Goods
JSL.NS,Nifty 500,Metals & Mining
JINDALSTEL.NS,Nifty 500,Metals & Mining
JIOFIN.NS,Nifty 500,Financial Services
JUBLFOOD.NS,Nifty 500,Consumer Services
JUBLINGREA.NS,Nifty 500,Chemicals
JUBLPHARMA.NS,Nifty 500,Healthcare
JWL.NS,Nifty 500,Capital Goods
JYOTICNC.NS,Nifty 500,Capital Goods
KPRMILL.NS,Nifty 500,Textiles
KEI.NS,Nifty 500,Capital Goods
KPITTECH.NS,Nifty 500,Information Technology
KAJARIACER.NS,Nifty 500,Consumer Durables
KPIL.NS,Nifty 500,Construction
KALYANKJIL.NS,Nifty 500,Consumer Durables
KARURVYSYA.NS,Nifty 500,Financial Services
KAYNES.NS,Nifty 500,Capital Goods
KEC.NS,Nifty 500,Construction
KFINTECH.NS,Nifty 500,Financial Services
KIRLOSENG.NS,Nifty 500,Capital Goods
KOTAKBANK.NS,Nifty 500,Financial Services
KIMS.NS,Nifty 500,Healthcare
LTF.NS,Nifty 500,Financial Services
LTTS.NS,Nifty 500,Information Technology
LGEINDIA.NS,Nifty 500,Consumer Durables
LICHSGFIN.NS,Nifty 500,Financial Services
LTFOODS.NS,Nifty 500,Fast Moving Consumer Goods
LTM.NS,Nifty 500,Information Technology
LT.NS,Nifty 500,Construction
LATENTVIEW.NS,Nifty 500,Information Technology
LAURUSLABS.NS,Nifty 500,Healthcare
THELEELA.NS,Nifty 500,Consumer Services
LEMONTREE.NS,Nifty 500,Consumer Services
LENSKART.NS,Nifty 500,Consumer Services
LICI.NS,Nifty 500,Financial Services
LINDEINDIA.NS,Nifty 500,Chemicals
LLOYDSME.NS,Nifty 500,Metals & Mining
LODHA.NS,Nifty 500,Realty
LUPIN.NS,Nifty 500,Healthcare
MMTC.NS,Nifty 500,Services
MRF.NS,Nifty 500,Automobile and Auto Components
MGL.NS,Nifty 500,Oil Gas & Consumable Fuels
M&MFIN.NS,Nifty 500,Financial Services
M&M.NS,Nifty 500,Automobile and Auto Components
MANAPPURAM.NS,Nifty 500,Financial Services
MRPL.NS,Nifty 500,Oil Gas & Consumable Fuels
MANKIND.NS,Nifty 500,Healthcare
MARICO.NS,Nifty 500,Fast Moving Consumer Goods
MARUTI.NS,Nifty 500,Automobile and Auto Components
MFSL.NS,Nifty 500,Financial Services
MAXHEALTH.NS,Nifty 500,Healthcare
MAZDOCK.NS,Nifty 500,Capital Goods
MEESHO.NS,Nifty 500,Consumer Services
MINDACORP.NS,Nifty 500,Automobile and Auto Components
MSUMI.NS,Nifty 500,Automobile and Auto Components
MOTILALOFS.NS,Nifty 500,Financial Services
MPHASIS.NS,Nifty 500,Information Technology
MCX.NS,Nifty 500,Financial Services
MUTHOOTFIN.NS,Nifty 500,Financial Services
NATCOPHARM.NS,Nifty 500,Healthcare
NBCC.NS,Nifty 500,Construction
NCC.NS,Nifty 500,Construction
NHPC.NS,Nifty 500,Power
NLCINDIA.NS,Nifty 500,Power
NMDC.NS,Nifty 500,Metals & Mining
NSLNISP.NS,Nifty 500,Metals & Mining
NTPCGREEN.NS,Nifty 500,Power
NTPC.NS,Nifty 500,Power
NH.NS,Nifty 500,Healthcare
NATIONALUM.NS,Nifty 500,Metals & Mining
NAVA.NS,Nifty 500,Power
NAVINFLUOR.NS,Nifty 500,Chemicals
NESTLEIND.NS,Nifty 500,Fast Moving Consumer Goods
NETWEB.NS,Nifty 500,Information Technology
NEULANDLAB.NS,Nifty 500,Healthcare
NEWGEN.NS,Nifty 500,Information Technology
NAM-INDIA.NS,Nifty 500,Financial Services
NIVABUPA.NS,Nifty 500,Financial Services
NUVAMA.NS,Nifty 500,Financial Services
NUVOCO.NS,Nifty 500,Construction Materials
OBEROIRLTY.NS,Nifty 500,Realty
ONGC.NS,Nifty 500,Oil Gas & Consumable Fuels
OIL.NS,Nifty 500,Oil Gas & Consumable Fuels
OLAELEC.NS,Nifty 500,Automobile and Auto Components
OLECTRA.NS,Nifty 500,Automobile and Auto Components
PAYTM.NS,Nifty 500,Financial Services
ONESOURCE.NS,Nifty 500,Healthcare
OFSS.NS,Nifty 500,Information Technology
POLICYBZR.NS,Nifty 500,Financial Services
PCBL.NS,Nifty 500,Chemicals
PGEL.NS,Nifty 500,Consumer Durables
PIIND.NS,Nifty 500,Chemicals
PNBHOUSING.NS,Nifty 500,Financial Services
PTCIL.NS,Nifty 500,Capital Goods
PVRINOX.NS,Nifty 500,Media Entertainment & Publication
PAGEIND.NS,Nifty 500,Textiles
PARADEEP.NS,Nifty 500,Chemicals
PATANJALI.NS,Nifty 500,Fast Moving Consumer Goods
PERSISTENT.NS,Nifty 500,Information Technology
PETRONET.NS,Nifty 500,Oil Gas & Consumable Fuels
PFIZER.NS,Nifty 500,Healthcare
PHOENIXLTD.NS,Nifty 500,Realty
PWL.NS,Nifty 500,Consumer Services
PIDILITIND.NS,Nifty 500,Chemicals
PINELABS.NS,Nifty 500,Financial Services
PIRAMALFIN.NS,Nifty 500,Financial Services
PPLPHARMA.NS,Nifty 500,Healthcare
POLYMED.NS,Nifty 500,Healthcare
POLYCAB.NS,Nifty 500,Capital Goods
POONAWALLA.NS,Nifty 500,Financial Services
PFC.NS,Nifty 500,Financial Services
POWERGRID.NS,Nifty 500,Power
PREMIERENE.NS,Nifty 500,Capital Goods
PRESTIGE.NS,Nifty 500,Realty
PFOCUS.NS,Nifty 500,Media Entertainment & Publication
PNB.NS,Nifty 500,Financial Services
RRKABEL.NS,Nifty 500,Capital Goods
RBLBANK.NS,Nifty 500,Financial Services
RECLTD.NS,Nifty 500,Financial Services
RHIM.NS,Nifty 500,Capital Goods
RITES.NS,Nifty 500,Construction
RADICO.NS,Nifty 500,Fast Moving Consumer Goods
RVNL.NS,Nifty 500,Construction
RAILTEL.NS,Nifty 500,Telecommunication
RAINBOW.NS,Nifty 500,Healthcare
RKFORGE.NS,Nifty 500,Automobile and Auto Components
REDINGTON.NS,Nifty 500,Services
RELIANCE.NS,Nifty 500,Oil Gas & Consumable Fuels
RPOWER.NS,Nifty 500,Power
SBFC.NS,Nifty 500,Financial Services
SBICARD.NS,Nifty 500,Financial Services
SBILIFE.NS,Nifty 500,Financial Services
SJVN.NS,Nifty 500,Power
SRF.NS,Nifty 500,Chemicals
SAGILITY.NS,Nifty 500,Information Technology
SAILIFE.NS,Nifty 500,Healthcare
SAMMAANCAP.NS,Nifty 500,Financial Services
MOTHERSON.NS,Nifty 500,Automobile and Auto Components
SAPPHIRE.NS,Nifty 500,Consumer Services
SARDAEN.NS,Nifty 500,Metals & Mining
SAREGAMA.NS,Nifty 500,Media Entertainment & Publication
SCHAEFFLER.NS,Nifty 500,Automobile and Auto Components
SCHNEIDER.NS,Nifty 500,Capital Goods
SCI.NS,Nifty 500,Services
SHREECEM.NS,Nifty 500,Construction Materials
SHRIRAMFIN.NS,Nifty 500,Financial Services
SHYAMMETL.NS,Nifty 500,Capital Goods
ENRIN.NS,Nifty 500,Capital Goods
SIEMENS.NS,Nifty 500,Capital Goods
SIGNATURE.NS,Nifty 500,Realty
SOBHA.NS,Nifty 500,Realty
SOLARINDS.NS,Nifty 500,Chemicals
SONACOMS.NS,Nifty 500,Automobile and Auto Components
SONATSOFTW.NS,Nifty 500,Information Technology
STARHEALTH.NS,Nifty 500,Financial Services
SBIN.NS,Nifty 500,Financial Services
SAIL.NS,Nifty 500,Metals & Mining
SUMICHEM.NS,Nifty 500,Chemicals
SUNPHARMA.NS,Nifty 500,Healthcare
SUNTV.NS,Nifty 500,Media Entertainment & Publication
SUNDARMFIN.NS,Nifty 500,Financial Services
SUPREMEIND.NS,Nifty 500,Capital Goods
SPLPETRO.NS,Nifty 500,Chemicals
SUZLON.NS,Nifty 500,Capital Goods
SWANCORP.NS,Nifty 500,Chemicals
SWIGGY.NS,Nifty 500,Consumer Services
SYNGENE.NS,Nifty 500,Healthcare
SYRMA.NS,Nifty 500,Capital Goods
TBOTEK.NS,Nifty 500,Consumer Services
TVSMOTOR.NS,Nifty 500,Automobile and Auto Components
TATACAP.NS,Nifty 500,Financial Services
TATACHEM.NS,Nifty 500,Chemicals
TATACOMM.NS,Nifty 500,Telecommunication
TCS.NS,Nifty 500,Information Technology
TATACONSUM.NS,Nifty 500,Fast Moving Consumer Goods
TATAELXSI.NS,Nifty 500,Information Technology
TATAINVEST.NS,Nifty 500,Financial Services
TMCV.NS,Nifty 500,Capital Goods
TMPV.NS,Nifty 500,Automobile and Auto Components
TATAPOWER.NS,Nifty 500,Power
TATASTEEL.NS,Nifty 500,Metals & Mining
TATATECH.NS,Nifty 500,Information Technology
TTML.NS,Nifty 500,Telecommunication
TECHM.NS,Nifty 500,Information Technology
TECHNOE.NS,Nifty 500,Construction
TEGA.NS,Nifty 500,Capital Goods
TEJASNET.NS,Nifty 500,Telecommunication
TENNIND.NS,Nifty 500,Automobile and Auto Components
NIACL.NS,Nifty 500,Financial Services
RAMCOCEM.NS,Nifty 500,Construction Materials
THERMAX.NS,Nifty 500,Capital Goods
TIMKEN.NS,Nifty 500,Capital Goods
TITAGARH.NS,Nifty 500,Capital Goods
TITAN.NS,Nifty 500,Consumer Durables
TORNTPHARM.NS,Nifty 500,Healthcare
TORNTPOWER.NS,Nifty 500,Power
TARIL.NS,Nifty 500,Capital Goods
TRAVELFOOD.NS,Nifty 500,Consumer Services
TRENT.NS,Nifty 500,Consumer Services
TRIDENT.NS,Nifty 500,Textiles
TRITURBINE.NS,Nifty 500,Capital Goods
TIINDIA.NS,Nifty 500,Automobile and Auto Components
UCOBANK.NS,Nifty 500,Financial Services
UNOMINDA.NS,Nifty 500,Automobile and Auto Components
UPL.NS,Nifty 500,Chemicals
UTIAMC.NS,Nifty 500,Financial Services
ULTRACEMCO.NS,Nifty 500,Construction Materials
UNIONBANK.NS,Nifty 500,Financial Services
UBL.NS,Nifty 500,Fast Moving Consumer Goods
UNITDSPR.NS,Nifty 500,Fast Moving Consumer Goods
URBANCO.NS,Nifty 500,Consumer Services
USHAMART.NS,Nifty 500,Capital Goods
VTL.NS,Nifty 500,Textiles
VBL.NS,Nifty 500,Fast Moving Consumer Goods
VEDL.NS,Nifty 500,Metals & Mining
VIJAYA.NS,Nifty 500,Healthcare
VMM.NS,Nifty 500,Consumer Services
IDEA.NS,Nifty 500,Telecommunication
VOLTAS.NS,Nifty 500,Consumer Durables
WAAREEENER.NS,Nifty 500,Capital Goods
WELCORP.NS,Nifty 500,Capital Goods
WELSPUNLIV.NS,Nifty 500,Textiles
WHIRLPOOL.NS,Nifty 500,Consumer Durables
WIPRO.NS,Nifty 500,Information Technology
WOCKPHARMA.NS,Nifty 500,Healthcare
YESBANK.NS,Nifty 500,Financial Services
ZFCVINDIA.NS,Nifty 500,Automobile and Auto Components
ZEEL.NS,Nifty 500,Media Entertainment & Publication
ZENTEC.NS,Nifty 500,Capital Goods
ZENSARTECH.NS,Nifty 500,Information Technology
ZYDUSLIFE.NS,Nifty 500,Healthcare
ZYDUSWELL.NS,Nifty 500,Fast Moving Consumer Goods
ECLERX.NS,Nifty 500,Services
ASKAUTOLTD.NS,Nifty Microcap 250,Automobile and Auto Components
AXISCADES.NS,Nifty Microcap 250,Capital Goods
AARTIDRUGS.NS,Nifty Microcap 250,Healthcare
AARTIPHARM.NS,Nifty Microcap 250,Healthcare
AVL.NS,Nifty Microcap 250,Consumer Services
ADVENZYMES.NS,Nifty Microcap 250,Healthcare
AEQUS.NS,Nifty Microcap 250,Capital Goods
AETHER.NS,Nifty Microcap 250,Chemicals
AHLUCONT.NS,Nifty Microcap 250,Construction
AKUMS.NS,Nifty Microcap 250,Healthcare
APLLTD.NS,Nifty Microcap 250,Healthcare
ALIVUS.NS,Nifty Microcap 250,Healthcare
ALKYLAMINE.NS,Nifty Microcap 250,Chemicals
ALOKINDS.NS,Nifty Microcap 250,Textiles
APOLLO.NS,Nifty Microcap 250,Capital Goods
ACI.NS,Nifty Microcap 250,Chemicals
ARVINDFASN.NS,Nifty Microcap 250,Consumer Services
ARVIND.NS,Nifty Microcap 250,Textiles
ASHAPURMIN.NS,Nifty Microcap 250,Metals & Mining
ASHOKA.NS,Nifty Microcap 250,Construction
ASTRAMICRO.NS,Nifty Microcap 250,Capital Goods
ATLANTAELE.NS,Nifty Microcap 250,Capital Goods
AURIONPRO.NS,Nifty Microcap 250,Information Technology
AVALON.NS,Nifty Microcap 250,Capital Goods
AVANTIFEED.NS,Nifty Microcap 250,Fast Moving Consumer Goods
CCAVENUE.NS,Nifty Microcap 250,Financial Services
AWFIS.NS,Nifty Microcap 250,Services
AZAD.NS,Nifty Microcap 250,Capital Goods
BAJAJELEC.NS,Nifty Microcap 250,Consumer Durables
BALAMINES.NS,Nifty Microcap 250,Chemicals
BALUFORGE.NS,Nifty Microcap 250,Capital Goods
BANCOINDIA.NS,Nifty Microcap 250,Automobile and Auto Components
BIRLACORPN.NS,Nifty Microcap 250,Construction Materials
BBOX.NS,Nifty Microcap 250,Information Technology
BLACKBUCK.NS,Nifty Microcap 250,Services
BLUESTONE.NS,Nifty Microcap 250,Consumer Durables
BORORENEW.NS,Nifty Microcap 250,Capital Goods
CMSINFO.NS,Nifty Microcap 250,Services
CORONA.NS,Nifty Microcap 250,Healthcare
CSBBANK.NS,Nifty Microcap 250,Financial Services
CAMPUS.NS,Nifty Microcap 250,Consumer Durables
CRAMC.NS,Nifty Microcap 250,Financial Services
CAPILLARY.NS,Nifty Microcap 250,Information Technology
CELLO.NS,Nifty Microcap 250,Consumer Durables
CENTURYPLY.NS,Nifty Microcap 250,Consumer Durables
CERA.NS,Nifty Microcap 250,Consumer Durables
CRIZAC.NS,Nifty Microcap 250,Consumer Services
CUPID.NS,Nifty Microcap 250,Fast Moving Consumer Goods
DCBBANK.NS,Nifty Microcap 250,Financial Services
DATAMATICS.NS,Nifty Microcap 250,Information Technology
DIACABS.NS,Nifty Microcap 250,Capital Goods
DBL.NS,Nifty Microcap 250,Construction
AGARWALEYE.NS,Nifty Microcap 250,Healthcare
DUMMYTRVN.NS,Nifty Microcap 250,Capital Goods
DYNAMATECH.NS,Nifty Microcap 250,Capital Goods
EPL.NS,Nifty Microcap 250,Capital Goods
EDELWEISS.NS,Nifty Microcap 250,Financial Services
EMIL.NS,Nifty Microcap 250,Consumer Services
ELECTCAST.NS,Nifty Microcap 250,Capital Goods
ELLEN.NS,Nifty Microcap 250,Chemicals
EMBDL.NS,Nifty Microcap 250,Realty
ENTERO.NS,Nifty Microcap 250,Consumer Services
EIEL.NS,Nifty Microcap 250,Utilities
EQUITASBNK.NS,Nifty Microcap 250,Financial Services
ETHOSLTD.NS,Nifty Microcap 250,Consumer Durables
EUREKAFORB.NS,Nifty Microcap 250,Consumer Durables
FEDFINA.NS,Nifty Microcap 250,Financial Services
FIEMIND.NS,Nifty Microcap 250,Automobile and Auto Components
FINPIPE.NS,Nifty Microcap 250,Capital Goods
UTLSOLAR.NS,Nifty Microcap 250,Capital Goods
GHCL.NS,Nifty Microcap 250,Chemicals
GMMPFAUDLR.NS,Nifty Microcap 250,Capital Goods
GMRP&UI.NS,Nifty Microcap 250,Power
GRWRHITECH.NS,Nifty Microcap 250,Capital Goods
GODREJAGRO.NS,Nifty Microcap 250,Fast Moving Consumer Goods
GOKEX.NS,Nifty Microcap 250,Textiles
GOKULAGRO.NS,Nifty Microcap 250,Fast Moving Consumer Goods
GREAVESCOT.NS,Nifty Microcap 250,Capital Goods
GRINDWELL.NS,Nifty Microcap 250,Capital Goods
GAEL.NS,Nifty Microcap 250,Fast Moving Consumer Goods
GNFC.NS,Nifty Microcap 250,Chemicals
GPPL.NS,Nifty Microcap 250,Services
GSFC.NS,Nifty Microcap 250,Chemicals
HGINFRA.NS,Nifty Microcap 250,Construction
HAPPSTMNDS.NS,Nifty Microcap 250,Information Technology
HCG.NS,Nifty Microcap 250,Healthcare
HEMIPROP.NS,Nifty Microcap 250,Services
HERITGFOOD.NS,Nifty Microcap 250,Fast Moving Consumer Goods
HCC.NS,Nifty Microcap 250,Construction
IFBIND.NS,Nifty Microcap 250,Consumer Durables
IIFLCAPS.NS,Nifty Microcap 250,Financial Services
INOXINDIA.NS,Nifty Microcap 250,Capital Goods
INDIAGLYCO.NS,Nifty Microcap 250,Fast Moving Consumer Goods
INDIASHLTR.NS,Nifty Microcap 250,Financial Services
IMFA.NS,Nifty Microcap 250,Metals & Mining
INDIGOPNTS.NS,Nifty Microcap 250,Consumer Durables
ICIL.NS,Nifty Microcap 250,Textiles
INOXGREEN.NS,Nifty Microcap 250,Services
IONEXCHANG.NS,Nifty Microcap 250,Utilities
JKLAKSHMI.NS,Nifty Microcap 250,Construction Materials
JKPAPER.NS,Nifty Microcap 250,Forest Materials
JAIBALAJI.NS,Nifty Microcap 250,Metals & Mining
JAMNAAUTO.NS,Nifty Microcap 250,Automobile and Auto Components
JSFB.NS,Nifty Microcap 250,Financial Services
JAYNECOIND.NS,Nifty Microcap 250,Capital Goods
JSLL.NS,Nifty Microcap 250,Consumer Services
JLHL.NS,Nifty Microcap 250,Healthcare
JUSTDIAL.NS,Nifty Microcap 250,Consumer Services
JYOTHYLAB.NS,Nifty Microcap 250,Fast Moving Consumer Goods
KNRCON.NS,Nifty Microcap 250,Construction
KPIGREEN.NS,Nifty Microcap 250,Power
KRBL.NS,Nifty Microcap 250,Fast Moving Consumer Goods
KRN.NS,Nifty Microcap 250,Capital Goods
KSB.NS,Nifty Microcap 250,Capital Goods
KANSAINER.NS,Nifty Microcap 250,Consumer Durables
KTKBANK.NS,Nifty Microcap 250,Financial Services
KSCL.NS,Nifty Microcap 250,Fast Moving Consumer Goods
KIRLOSBROS.NS,Nifty Microcap 250,Capital Goods
KIRLPNU.NS,Nifty Microcap 250,Capital Goods
KITEX.NS,Nifty Microcap 250,Textiles
LXCHEM.NS,Nifty Microcap 250,Chemicals
IXIGO.NS,Nifty Microcap 250,Consumer Services
LLOYDSENGG.NS,Nifty Microcap 250,Capital Goods
LLOYDSENT.NS,Nifty Microcap 250,Metals & Mining
LUMAXTECH.NS,Nifty Microcap 250,Automobile and Auto Components
MOIL.NS,Nifty Microcap 250,Metals & Mining
MSTCLTD.NS,Nifty Microcap 250,Services
MTARTECH.NS,Nifty Microcap 250,Capital Goods
MAHSCOOTER.NS,Nifty Microcap 250,Financial Services
MAHSEAMLES.NS,Nifty Microcap 250,Capital Goods
MANORAMA.NS,Nifty Microcap 250,Fast Moving Consumer Goods
MARKSANS.NS,Nifty Microcap 250,Healthcare
MASTEK.NS,Nifty Microcap 250,Information Technology
MEDPLUS.NS,Nifty Microcap 250,Consumer Services
METROPOLIS.NS,Nifty Microcap 250,Healthcare
MIDHANI.NS,Nifty Microcap 250,Capital Goods
BECTORFOOD.NS,Nifty Microcap 250,Fast Moving Consumer Goods
NEOGEN.NS,Nifty Microcap 250,Chemicals
NESCO.NS,Nifty Microcap 250,Services
NFL.NS,Nifty Microcap 250,Chemicals
NAZARA.NS,Nifty Microcap 250,Media Entertainment & Publication
NETWORK18.NS,Nifty Microcap 250,Media Entertainment & Publication
OPTIEMUS.NS,Nifty Microcap 250,Telecommunication
ORIENTCEM.NS,Nifty Microcap 250,Construction Materials
ORKLAINDIA.NS,Nifty Microcap 250,Fast Moving Consumer Goods
OSWALPUMPS.NS,Nifty Microcap 250,Capital Goods
PNGJL.NS,Nifty Microcap 250,Consumer Durables
PCJEWELLER.NS,Nifty Microcap 250,Consumer Durables
PNCINFRA.NS,Nifty Microcap 250,Construction
PTC.NS,Nifty Microcap 250,Power
PARAS.NS,Nifty Microcap 250,Capital Goods
PARKHOSPS.NS,Nifty Microcap 250,Healthcare
PGIL.NS,Nifty Microcap 250,Textiles
PICCADIL.NS,Nifty Microcap 250,Fast Moving Consumer Goods
POWERMECH.NS,Nifty Microcap 250,Construction
PRAJIND.NS,Nifty Microcap 250,Capital Goods
PRICOLLTD.NS,Nifty Microcap 250,Automobile and Auto Components
PRSMJOHNSN.NS,Nifty Microcap 250,Construction Materials
PRIVISCL.NS,Nifty Microcap 250,Chemicals
PRUDENT.NS,Nifty Microcap 250,Financial Services
PURVA.NS,Nifty Microcap 250,Realty
QPOWER.NS,Nifty Microcap 250,Capital Goods
QUESS.NS,Nifty Microcap 250,Services
RAIN.NS,Nifty Microcap 250,Chemicals
RALLIS.NS,Nifty Microcap 250,Chemicals
RCF.NS,Nifty Microcap 250,Chemicals
RATEGAIN.NS,Nifty Microcap 250,Information Technology
RATNAMANI.NS,Nifty Microcap 250,Capital Goods
RTNINDIA.NS,Nifty Microcap 250,Consumer Services
RTNPOWER.NS,Nifty Microcap 250,Power
RAYMONDLSL.NS,Nifty Microcap 250,Textiles
REDTAPE.NS,Nifty Microcap 250,Consumer Durables
REFEX.NS,Nifty Microcap 250,Utilities
RELAXO.NS,Nifty Microcap 250,Consumer Durables
RELIGARE.NS,Nifty Microcap 250,Financial Services
RBA.NS,Nifty Microcap 250,Consumer Services
ROUTE.NS,Nifty Microcap 250,Telecommunication
RUBICON.NS,Nifty Microcap 250,Healthcare
SKFINDUS.NS,Nifty Microcap 250,Capital Goods
SKFINDIA.NS,Nifty Microcap 250,Automobile and Auto Components
SKYGOLD.NS,Nifty Microcap 250,Consumer Durables
SMLMAH.NS,Nifty Microcap 250,Capital Goods
SHRIPISTON.NS,Nifty Microcap 250,Automobile and Auto Components
SAATVIKGL.NS,Nifty Microcap 250,Capital Goods
SAFARI.NS,Nifty Microcap 250,Consumer Durables
SAMHI.NS,Nifty Microcap 250,Consumer Services
SANDUMA.NS,Nifty Microcap 250,Metals & Mining
SANOFICONR.NS,Nifty Microcap 250,Healthcare
SANSERA.NS,Nifty Microcap 250,Automobile and Auto Components
SENCO.NS,Nifty Microcap 250,Consumer Durables
STYL.NS,Nifty Microcap 250,Financial Services
SHAILY.NS,Nifty Microcap 250,Consumer Durables
SHAKTIPUMP.NS,Nifty Microcap 250,Capital Goods
SHARDACROP.NS,Nifty Microcap 250,Chemicals
SHAREINDIA.NS,Nifty Microcap 250,Financial Services
SFL.NS,Nifty Microcap 250,Consumer Durables
SHILPAMED.NS,Nifty Microcap 250,Healthcare
RENUKA.NS,Nifty Microcap 250,Fast Moving Consumer Goods
SKIPPER.NS,Nifty Microcap 250,Capital Goods
SMARTWORKS.NS,Nifty Microcap 250,Services
SOUTHBANK.NS,Nifty Microcap 250,Financial Services
LOTUSDEV.NS,Nifty Microcap 250,Realty
STARCEMENT.NS,Nifty Microcap 250,Construction Materials
SWSOLAR.NS,Nifty Microcap 250,Construction
STLTECH.NS,Nifty Microcap 250,Telecommunication
STAR.NS,Nifty Microcap 250,Healthcare
STYRENIX.NS,Nifty Microcap 250,Chemicals
SUBROS.NS,Nifty Microcap 250,Capital Goods
SUDARSCHEM.NS,Nifty Microcap 250,Chemicals
SUDEEPPHRM.NS,Nifty Microcap 250,Chemicals
SPARC.NS,Nifty Microcap 250,Healthcare
SUNTECK.NS,Nifty Microcap 250,Realty
SUPRIYA.NS,Nifty Microcap 250,Healthcare
SURYAROSNI.NS,Nifty Microcap 250,Capital Goods
TARC.NS,Nifty Microcap 250,Realty
TDPOWERSYS.NS,Nifty Microcap 250,Capital Goods
TSFINV.NS,Nifty Microcap 250,Financial Services
TVSSCS.NS,Nifty Microcap 250,Services
TMB.NS,Nifty Microcap 250,Financial Services
TANLA.NS,Nifty Microcap 250,Information Technology
TEXRAIL.NS,Nifty Microcap 250,Capital Goods
THANGAMAYL.NS,Nifty Microcap 250,Consumer Durables
ANUP.NS,Nifty Microcap 250,Capital Goods
THOMASCOOK.NS,Nifty Microcap 250,Consumer Services
THYROCARE.NS,Nifty Microcap 250,Healthcare
TI.NS,Nifty Microcap 250,Fast Moving Consumer Goods
TIMETECHNO.NS,Nifty Microcap 250,Capital Goods
TIPSMUSIC.NS,Nifty Microcap 250,Media Entertainment & Publication
TRANSRAILL.NS,Nifty Microcap 250,Capital Goods
TRIVENI.NS,Nifty Microcap 250,Fast Moving Consumer Goods
UJJIVANSFB.NS,Nifty Microcap 250,Financial Services
VGUARD.NS,Nifty Microcap 250,Consumer Durables
VMART.NS,Nifty Microcap 250,Consumer Services
VIPIND.NS,Nifty Microcap 250,Consumer Durables
V2RETAIL.NS,Nifty Microcap 250,Consumer Services
WABAG.NS,Nifty Microcap 250,Utilities
VAIBHAVGBL.NS,Nifty Microcap 250,Consumer Durables
DBREALTY.NS,Nifty Microcap 250,Realty
VARROC.NS,Nifty Microcap 250,Automobile and Auto Components
MANYAVAR.NS,Nifty Microcap 250,Consumer Services
VIKRAMSOLR.NS,Nifty Microcap 250,Capital Goods
VIYASH.NS,Nifty Microcap 250,Healthcare
VOLTAMP.NS,Nifty Microcap 250,Capital Goods
WAAREERTL.NS,Nifty Microcap 250,Capital Goods
WAKEFIT.NS,Nifty Microcap 250,Consumer Durables
WEWORK.NS,Nifty Microcap 250,Services
WEBELSOLAR.NS,Nifty Microcap 250,Capital Goods
WELENT.NS,Nifty Microcap 250,Construction
WESTLIFE.NS,Nifty Microcap 250,Consumer Services
YATHARTH.NS,Nifty Microcap 250,Healthcare
ZAGGLE.NS,Nifty Microcap 250,Information Technology
HAPPY.NS,NSE SME Emerge,SME (unclassified)
ICELCO.NS,NSE SME Emerge,SME (unclassified)
VMOBILE.NS,NSE SME Emerge,SME (unclassified)
TEJA.NS,NSE SME Emerge,SME (unclassified)
SHREEDHAR.NS,NSE SME Emerge,SME (unclassified)
AVIENCE.NS,NSE SME Emerge,SME (unclassified)
CLAYCRAFT.NS,NSE SME Emerge,SME (unclassified)
UTKAL.NS,NSE SME Emerge,SME (unclassified)
GENXAI.NS,NSE SME Emerge,SME (unclassified)
BMLL.NS,NSE SME Emerge,SME (unclassified)
QLINE.NS,NSE SME Emerge,SME (unclassified)
TEAMTECH.NS,NSE SME Emerge,SME (unclassified)
NFPSAMPOOR.NS,NSE SME Emerge,SME (unclassified)
RFBL.NS,NSE SME Emerge,SME (unclassified)
SIMCA.NS,NSE SME Emerge,SME (unclassified)
VALUE360.NS,NSE SME Emerge,SME (unclassified)
AMBAAUTO.NS,NSE SME Emerge,SME (unclassified)
ADISOFT.NS,NSE SME Emerge,SME (unclassified)
VIVIDEL.NS,NSE SME Emerge,SME (unclassified)
APSISAERO.NS,NSE SME Emerge,SME (unclassified)
SPCON.NS,NSE SME Emerge,SME (unclassified)
ACETEC.NS,NSE SME Emerge,SME (unclassified)
STRIDERS.NS,NSE SME Emerge,SME (unclassified)
YAAP.NS,NSE SME Emerge,SME (unclassified)
MOBILISE.NS,NSE SME Emerge,SME (unclassified)
MANILAM.NS,NSE SME Emerge,SME (unclassified)
MARUSHIKA.NS,NSE SME Emerge,SME (unclassified)
BIOPOL.NS,NSE SME Emerge,SME (unclassified)
BRANDMAN.NS,NSE SME Emerge,SME (unclassified)
GJL.NS,NSE SME Emerge,SME (unclassified)
CKKRETAIL.NS,NSE SME Emerge,SME (unclassified)
KRMAYURVED.NS,NSE SME Emerge,SME (unclassified)
ARMOUR.NS,NSE SME Emerge,SME (unclassified)
AVANA.NS,NSE SME Emerge,SME (unclassified)
VICTORYEV.NS,NSE SME Emerge,SME (unclassified)
E2ERAIL.NS,NSE SME Emerge,SME (unclassified)
DHARARAIL.NS,NSE SME Emerge,SME (unclassified)
EPWINDIA.NS,NSE SME Emerge,SME (unclassified)
SOCL.NS,NSE SME Emerge,SME (unclassified)
SHYAMDHANI.NS,NSE SME Emerge,SME (unclassified)
MARC.NS,NSE SME Emerge,SME (unclassified)
EXIMROUTES.NS,NSE SME Emerge,SME (unclassified)
ASHWINI.NS,NSE SME Emerge,SME (unclassified)
ENCOMPAS.NS,NSE SME Emerge,SME (unclassified)
FWSTC.NS,NSE SME Emerge,SME (unclassified)
SHRIKANHA.NS,NSE SME Emerge,SME (unclassified)
NEOCHEM.NS,NSE SME Emerge,SME (unclassified)
SPEB.NS,NSE SME Emerge,SME (unclassified)
CSSL.NS,NSE SME Emerge,SME (unclassified)
INVICTA.NS,NSE SME Emerge,SME (unclassified)
CURIS.NS,NSE SME Emerge,SME (unclassified)
FINBUD.NS,NSE SME Emerge,SME (unclassified)
SHETHJI.NS,NSE SME Emerge,SME (unclassified)
JAYESH.NS,NSE SME Emerge,SME (unclassified)
GREENLEAF.NS,NSE SME Emerge,SME (unclassified)
BAGDIGITAL.NS,NSE SME Emerge,SME (unclassified)
SHEEL.NS,NSE SME Emerge,SME (unclassified)
MUNISH.NS,NSE SME Emerge,SME (unclassified)
VIJAYPD.NS,NSE SME Emerge,SME (unclassified)
SUBAHOTELS.NS,NSE SME Emerge,SME (unclassified)
MPEL.NS,NSE SME Emerge,SME (unclassified)
GURUNANAK.NS,NSE SME Emerge,SME (unclassified)
MGSL.NS,NSE SME Emerge,SME (unclassified)
ECOLINE.NS,NSE SME Emerge,SME (unclassified)
PRIMECAB.NS,NSE SME Emerge,SME (unclassified)
SIDDHICOTS.NS,NSE SME Emerge,SME (unclassified)
TECHD.NS,NSE SME Emerge,SME (unclassified)
GML.NS,NSE SME Emerge,SME (unclassified)
TAURIAN.NS,NSE SME Emerge,SME (unclassified)
VIGOR.NS,NSE SME Emerge,SME (unclassified)
OPTIVALUE.NS,NSE SME Emerge,SME (unclassified)
SNEHAA.NS,NSE SME Emerge,SME (unclassified)
SATTVAENGG.NS,NSE SME Emerge,SME (unclassified)
CURRENT.NS,NSE SME Emerge,SME (unclassified)
SHIVASHRIT.NS,NSE SME Emerge,SME (unclassified)
ANONDITA.NS,NSE SME Emerge,SME (unclassified)
CLASSICEIL.NS,NSE SME Emerge,SME (unclassified)
ARCIIL.NS,NSE SME Emerge,SME (unclassified)
STUDIOLSD.NS,NSE SME Emerge,SME (unclassified)
MRIL.NS,NSE SME Emerge,SME (unclassified)
AMCL.NS,NSE SME Emerge,SME (unclassified)
MEDISTEP.NS,NSE SME Emerge,SME (unclassified)
CONNPLEX.NS,NSE SME Emerge,SME (unclassified)
SAWALIYA.NS,NSE SME Emerge,SME (unclassified)
AARADHYA.NS,NSE SME Emerge,SME (unclassified)
PARTH.NS,NSE SME Emerge,SME (unclassified)
JYOTIGLOBL.NS,NSE SME Emerge,SME (unclassified)
BHADORA.NS,NSE SME Emerge,SME (unclassified)
FLYSBS.NS,NSE SME Emerge,SME (unclassified)
CUDML.NS,NSE SME Emerge,SME (unclassified)
RNPL.NS,NSE SME Emerge,SME (unclassified)
KAYTEX.NS,NSE SME Emerge,SME (unclassified)
SELLOWRAP.NS,NSE SME Emerge,SME (unclassified)
TSC.NS,NSE SME Emerge,SME (unclassified)
SAVY.NS,NSE SME Emerge,SME (unclassified)
SPUNWEB.NS,NSE SME Emerge,SME (unclassified)
SMARTEN.NS,NSE SME Emerge,SME (unclassified)
WHITEFORCE.NS,NSE SME Emerge,SME (unclassified)
ETL.NS,NSE SME Emerge,SME (unclassified)
CEDAAR.NS,NSE SME Emerge,SME (unclassified)
SILKY.NS,NSE SME Emerge,SME (unclassified)
PUSHPA.NS,NSE SME Emerge,SME (unclassified)
MMEL.NS,NSE SME Emerge,SME (unclassified)
PROFX.NS,NSE SME Emerge,SME (unclassified)
RTL.NS,NSE SME Emerge,SME (unclassified)
SUNTECH.NS,NSE SME Emerge,SME (unclassified)
SHKSIL.NS,NSE SME Emerge,SME (unclassified)
AAKAAR.NS,NSE SME Emerge,SME (unclassified)
MAYASHEEL.NS,NSE SME Emerge,SME (unclassified)
SAFEENTP.NS,NSE SME Emerge,SME (unclassified)
INFLUX.NS,NSE SME Emerge,SME (unclassified)
EEPL.NS,NSE SME Emerge,SME (unclassified)
SAMAY.NS,NSE SME Emerge,SME (unclassified)
PATILAUTOM.NS,NSE SME Emerge,SME (unclassified)
MONOLITH.NS,NSE SME Emerge,SME (unclassified)
JAINIK.NS,NSE SME Emerge,SME (unclassified)
SACHEEROME.NS,NSE SME Emerge,SME (unclassified)
GANGABATH.NS,NSE SME Emerge,SME (unclassified)
NRVANDANA.NS,NSE SME Emerge,SME (unclassified)
NEPTUNE.NS,NSE SME Emerge,SME (unclassified)
BLUEWATER.NS,NSE SME Emerge,SME (unclassified)
NIKITA.NS,NSE SME Emerge,SME (unclassified)
DCCL.NS,NSE SME Emerge,SME (unclassified)
ACCPL.NS,NSE SME Emerge,SME (unclassified)
INTEGRITY.NS,NSE SME Emerge,SME (unclassified)
VGINFOTECH.NS,NSE SME Emerge,SME (unclassified)
ARUNAYA.NS,NSE SME Emerge,SME (unclassified)
IWARE.NS,NSE SME Emerge,SME (unclassified)
TANKUP.NS,NSE SME Emerge,SME (unclassified)
ATCENERGY.NS,NSE SME Emerge,SME (unclassified)
SHRIAHIMSA.NS,NSE SME Emerge,SME (unclassified)
RAPIDFLEET.NS,NSE SME Emerge,SME (unclassified)
ACTIVEINFR.NS,NSE SME Emerge,SME (unclassified)
GCHOTELS.NS,NSE SME Emerge,SME (unclassified)
DIVINEHIRA.NS,NSE SME Emerge,SME (unclassified)
BALAJIPHOS.NS,NSE SME Emerge,SME (unclassified)
HPTL.NS,NSE SME Emerge,SME (unclassified)
TEJASCARGO.NS,NSE SME Emerge,SME (unclassified)
ROYALARC.NS,NSE SME Emerge,SME (unclassified)
PSRAJ.NS,NSE SME Emerge,SME (unclassified)
VOLERCAR.NS,NSE SME Emerge,SME (unclassified)
MAXVOLT.NS,NSE SME Emerge,SME (unclassified)
CHANDAN.NS,NSE SME Emerge,SME (unclassified)
ELGNZ.NS,NSE SME Emerge,SME (unclassified)
READYMIX.NS,NSE SME Emerge,SME (unclassified)
KEN.NS,NSE SME Emerge,SME (unclassified)
CHAMUNDA.NS,NSE SME Emerge,SME (unclassified)
REXPRO.NS,NSE SME Emerge,SME (unclassified)
EMAPARTNER.NS,NSE SME Emerge,SME (unclassified)
KKJEWELS.NS,NSE SME Emerge,SME (unclassified)
BARFLEX.NS,NSE SME Emerge,SME (unclassified)
SATKARTAR.NS,NSE SME Emerge,SME (unclassified)
DELTIC.NS,NSE SME Emerge,SME (unclassified)
ANYA.NS,NSE SME Emerge,SME (unclassified)
NMSTEEL.NS,NSE SME Emerge,SME (unclassified)
IDENTICAL.NS,NSE SME Emerge,SME (unclassified)
SFML.NS,NSE SME Emerge,SME (unclassified)
PURPLEUTED.NS,NSE SME Emerge,SME (unclassified)
DHANLAXMI.NS,NSE SME Emerge,SME (unclassified)
ETML.NS,NSE SME Emerge,SME (unclassified)
GANESHIN.NS,NSE SME Emerge,SME (unclassified)
AGARWALTUF.NS,NSE SME Emerge,SME (unclassified)
ABHAPOWER.NS,NSE SME Emerge,SME (unclassified)
APEXECO.NS,NSE SME Emerge,SME (unclassified)
RAJPUTANA.NS,NSE SME Emerge,SME (unclassified)
C2C.NS,NSE SME Emerge,SME (unclassified)
ITTL.NS,NSE SME Emerge,SME (unclassified)
LAMOSAIC.NS,NSE SME Emerge,SME (unclassified)
ONYX.NS,NSE SME Emerge,SME (unclassified)
NEELAM.NS,NSE SME Emerge,SME (unclassified)
USHAFIN.NS,NSE SME Emerge,SME (unclassified)
DANISH.NS,NSE SME Emerge,SME (unclassified)
OBSCP.NS,NSE SME Emerge,SME (unclassified)
UHTL.NS,NSE SME Emerge,SME (unclassified)
PREMIUM.NS,NSE SME Emerge,SME (unclassified)
FRESHARA.NS,NSE SME Emerge,SME (unclassified)
LAKSHYA.NS,NSE SME Emerge,SME (unclassified)
PRANIK.NS,NSE SME Emerge,SME (unclassified)
PARAMOUNT.NS,NSE SME Emerge,SME (unclassified)
HVAX.NS,NSE SME Emerge,SME (unclassified)
SAJHOTELS.NS,NSE SME Emerge,SME (unclassified)
SAHASRA.NS,NSE SME Emerge,SME (unclassified)
DIVYADHAN.NS,NSE SME Emerge,SME (unclassified)
FORGEAUTO.NS,NSE SME Emerge,SME (unclassified)
TECHERA.NS,NSE SME Emerge,SME (unclassified)
THESL.NS,NSE SME Emerge,SME (unclassified)
UNILEX.NS,NSE SME Emerge,SME (unclassified)
RAPPID.NS,NSE SME Emerge,SME (unclassified)
WOL3D.NS,NSE SME Emerge,SME (unclassified)
PHOGLOBAL.NS,NSE SME Emerge,SME (unclassified)
AVIANSH.NS,NSE SME Emerge,SME (unclassified)
SDREAMS.NS,NSE SME Emerge,SME (unclassified)
BIKEWO.NS,NSE SME Emerge,SME (unclassified)
KALANA.NS,NSE SME Emerge,SME (unclassified)
PSFL.NS,NSE SME Emerge,SME (unclassified)
PELATRO.NS,NSE SME Emerge,SME (unclassified)
OSELDEVICE.NS,NSE SME Emerge,SME (unclassified)
DECCANTRAN.NS,NSE SME Emerge,SME (unclassified)
ENVIRO.NS,NSE SME Emerge,SME (unclassified)
EXCELLENT.NS,NSE SME Emerge,SME (unclassified)
INNOMET.NS,NSE SME Emerge,SME (unclassified)
SPPPOLY.NS,NSE SME Emerge,SME (unclassified)
AUSL.NS,NSE SME Emerge,SME (unclassified)
SHUBHSHREE.NS,NSE SME Emerge,SME (unclassified)
GAJANAND.NS,NSE SME Emerge,SME (unclassified)
VIESL.NS,NSE SME Emerge,SME (unclassified)
MYMUDRA.NS,NSE SME Emerge,SME (unclassified)
NAMOEWASTE.NS,NSE SME Emerge,SME (unclassified)
JEYYAM.NS,NSE SME Emerge,SME (unclassified)
BOSS.NS,NSE SME Emerge,SME (unclassified)
AERON.NS,NSE SME Emerge,SME (unclassified)
PARAMATRIX.NS,NSE SME Emerge,SME (unclassified)
JAYBEE.NS,NSE SME Emerge,SME (unclassified)
VDEAL.NS,NSE SME Emerge,SME (unclassified)
IPHL.NS,NSE SME Emerge,SME (unclassified)
IDEALTECHO.NS,NSE SME Emerge,SME (unclassified)
QVCEL.NS,NSE SME Emerge,SME (unclassified)
BRACEPORT.NS,NSE SME Emerge,SME (unclassified)
FORCAS.NS,NSE SME Emerge,SME (unclassified)
BALCO.NS,NSE SME Emerge,SME (unclassified)
POSITRON.NS,NSE SME Emerge,SME (unclassified)
SUNLITE.NS,NSE SME Emerge,SME (unclassified)
AESTHETIK.NS,NSE SME Emerge,SME (unclassified)
PPSL.NS,NSE SME Emerge,SME (unclassified)
DHARIWAL.NS,NSE SME Emerge,SME (unclassified)
UTSSAV.NS,NSE SME Emerge,SME (unclassified)
SSEGL.NS,NSE SME Emerge,SME (unclassified)
ASHALOG.NS,NSE SME Emerge,SME (unclassified)
RAJINDLTD.NS,NSE SME Emerge,SME (unclassified)
BULKCORP.NS,NSE SME Emerge,SME (unclassified)
SATECH.NS,NSE SME Emerge,SME (unclassified)
ESPRIT.NS,NSE SME Emerge,SME (unclassified)
TROM.NS,NSE SME Emerge,SME (unclassified)
APRAMEYA.NS,NSE SME Emerge,SME (unclassified)
MIEL.NS,NSE SME Emerge,SME (unclassified)
CHETANA.NS,NSE SME Emerge,SME (unclassified)
VLINFRA.NS,NSE SME Emerge,SME (unclassified)
RNFI.NS,NSE SME Emerge,SME (unclassified)
KATARIA.NS,NSE SME Emerge,SME (unclassified)
MACOBSTECH.NS,NSE SME Emerge,SME (unclassified)
TUNWAL.NS,NSE SME Emerge,SME (unclassified)
SATIPOLY.NS,NSE SME Emerge,SME (unclassified)
PRIZOR.NS,NSE SME Emerge,SME (unclassified)
SAHAJSOLAR.NS,NSE SME Emerge,SME (unclassified)
GGBL.NS,NSE SME Emerge,SME (unclassified)
EFFWA.NS,NSE SME Emerge,SME (unclassified)
DHANSA.NS,NSE SME Emerge,SME (unclassified)
NEPHROCARE.NS,NSE SME Emerge,SME (unclassified)
DTL.NS,NSE SME Emerge,SME (unclassified)
PCCL.NS,NSE SME Emerge,SME (unclassified)
DPEL.NS,NSE SME Emerge,SME (unclassified)
AKIKO.NS,NSE SME Emerge,SME (unclassified)
SPCL.NS,NSE SME Emerge,SME (unclassified)
SYLVANPLY.NS,NSE SME Emerge,SME (unclassified)
MASON.NS,NSE SME Emerge,SME (unclassified)
VISAMAN.NS,NSE SME Emerge,SME (unclassified)
MEDIORG.NS,NSE SME Emerge,SME (unclassified)
WINNY.NS,NSE SME Emerge,SME (unclassified)
FALCONTECH.NS,NSE SME Emerge,SME (unclassified)
DURLAX.NS,NSE SME Emerge,SME (unclassified)
GPECO.NS,NSE SME Emerge,SME (unclassified)
TBI.NS,NSE SME Emerge,SME (unclassified)
AIMTRON.NS,NSE SME Emerge,SME (unclassified)
ZTECH.NS,NSE SME Emerge,SME (unclassified)
BEACON.NS,NSE SME Emerge,SME (unclassified)
VILAS.NS,NSE SME Emerge,SME (unclassified)
GSMFOILS.NS,NSE SME Emerge,SME (unclassified)
RULKA.NS,NSE SME Emerge,SME (unclassified)
HOACFOODS.NS,NSE SME Emerge,SME (unclassified)
QUESTLAB.NS,NSE SME Emerge,SME (unclassified)
IEML.NS,NSE SME Emerge,SME (unclassified)
MANDEEP.NS,NSE SME Emerge,SME (unclassified)
VERITAAS.NS,NSE SME Emerge,SME (unclassified)
ABSMARINE.NS,NSE SME Emerge,SME (unclassified)
PRLIND.NS,NSE SME Emerge,SME (unclassified)
EMMIL.NS,NSE SME Emerge,SME (unclassified)
SILKFLEX.NS,NSE SME Emerge,SME (unclassified)
WINSOL.NS,NSE SME Emerge,SME (unclassified)
REFRACTORY.NS,NSE SME Emerge,SME (unclassified)
SLONE.NS,NSE SME Emerge,SME (unclassified)
BIRDYS.NS,NSE SME Emerge,SME (unclassified)
RBS.NS,NSE SME Emerge,SME (unclassified)
DCG.NS,NSE SME Emerge,SME (unclassified)
TGL.NS,NSE SME Emerge,SME (unclassified)
DRSCARGO.NS,NSE SME Emerge,SME (unclassified)
ALUWIND.NS,NSE SME Emerge,SME (unclassified)
CGRAPHICS.NS,NSE SME Emerge,SME (unclassified)
K2INFRA.NS,NSE SME Emerge,SME (unclassified)
YASHOPTICS.NS,NSE SME Emerge,SME (unclassified)
RADIOWALLA.NS,NSE SME Emerge,SME (unclassified)
TAC.NS,NSE SME Emerge,SME (unclassified)
TRUST.NS,NSE SME Emerge,SME (unclassified)
BLUEPEBBLE.NS,NSE SME Emerge,SME (unclassified)
ASPIRE.NS,NSE SME Emerge,SME (unclassified)
NAMAN.NS,NSE SME Emerge,SME (unclassified)
VISHWAS.NS,NSE SME Emerge,SME (unclassified)
ENFUSE.NS,NSE SME Emerge,SME (unclassified)
ENSER.NS,NSE SME Emerge,SME (unclassified)
AVPINFRA.NS,NSE SME Emerge,SME (unclassified)
SIGNORIA.NS,NSE SME Emerge,SME (unclassified)
PRATHAM.NS,NSE SME Emerge,SME (unclassified)
SHREEKARNI.NS,NSE SME Emerge,SME (unclassified)
SONAMAC.NS,NSE SME Emerge,SME (unclassified)
VR.NS,NSE SME Emerge,SME (unclassified)
MVKAGRO.NS,NSE SME Emerge,SME (unclassified)
PURVFLEXI.NS,NSE SME Emerge,SME (unclassified)
OWAIS.NS,NSE SME Emerge,SME (unclassified)
SADHAV.NS,NSE SME Emerge,SME (unclassified)
ZENITHDRUG.NS,NSE SME Emerge,SME (unclassified)
DEEM.NS,NSE SME Emerge,SME (unclassified)
ESCONET.NS,NSE SME Emerge,SME (unclassified)
TCL.NS,NSE SME Emerge,SME (unclassified)
INM.NS,NSE SME Emerge,SME (unclassified)
ATMASTCO.NS,NSE SME Emerge,SME (unclassified)
WTICAB.NS,NSE SME Emerge,SME (unclassified)
POLYSIL.NS,NSE SME Emerge,SME (unclassified)
ALPEXSOLAR.NS,NSE SME Emerge,SME (unclassified)
ITALIANE.NS,NSE SME Emerge,SME (unclassified)
BAWEJA.NS,NSE SME Emerge,SME (unclassified)
MEGATHERM.NS,NSE SME Emerge,SME (unclassified)
DHTL.NS,NSE SME Emerge,SME (unclassified)
DELAPLEX.NS,NSE SME Emerge,SME (unclassified)
FONEBOX.NS,NSE SME Emerge,SME (unclassified)
KONSTELEC.NS,NSE SME Emerge,SME (unclassified)
ADDICTIVE.NS,NSE SME Emerge,SME (unclassified)
MAXPOSURE.NS,NSE SME Emerge,SME (unclassified)
APS.NS,NSE SME Emerge,SME (unclassified)
IBLFL.NS,NSE SME Emerge,SME (unclassified)
KLL.NS,NSE SME Emerge,SME (unclassified)
KCEIL.NS,NSE SME Emerge,SME (unclassified)
HRHNEXT.NS,NSE SME Emerge,SME (unclassified)
AKANKSHA.NS,NSE SME Emerge,SME (unclassified)
SAIFL.NS,NSE SME Emerge,SME (unclassified)
INDIFRA.NS,NSE SME Emerge,SME (unclassified)
TECHLABS.NS,NSE SME Emerge,SME (unclassified)
SUPREMEPWR.NS,NSE SME Emerge,SME (unclassified)
EFORCE.NS,NSE SME Emerge,SME (unclassified)
SHREEOSFM.NS,NSE SME Emerge,SME (unclassified)
SJLOGISTIC.NS,NSE SME Emerge,SME (unclassified)
PRESSTONIC.NS,NSE SME Emerge,SME (unclassified)
ACCENTMIC.NS,NSE SME Emerge,SME (unclassified)
GRAPHISAD.NS,NSE SME Emerge,SME (unclassified)
SHEETAL.NS,NSE SME Emerge,SME (unclassified)
MARINETRAN.NS,NSE SME Emerge,SME (unclassified)
CBAZAAR.NS,NSE SME Emerge,SME (unclassified)
ROCKINGDCE.NS,NSE SME Emerge,SME (unclassified)
SUNREST.NS,NSE SME Emerge,SME (unclassified)
ROXHITECH.NS,NSE SME Emerge,SME (unclassified)
BABAFP.NS,NSE SME Emerge,SME (unclassified)
MICROPRO.NS,NSE SME Emerge,SME (unclassified)
SARTELE.NS,NSE SME Emerge,SME (unclassified)
MAITREYA.NS,NSE SME Emerge,SME (unclassified)
TRANSTEEL.NS,NSE SME Emerge,SME (unclassified)
PARAGON.NS,NSE SME Emerge,SME (unclassified)
SHANTHALA.NS,NSE SME Emerge,SME (unclassified)
ONDOOR.NS,NSE SME Emerge,SME (unclassified)
RCDL.NS,NSE SME Emerge,SME (unclassified)
WOMANCART.NS,NSE SME Emerge,SME (unclassified)
ARVINDPORT.NS,NSE SME Emerge,SME (unclassified)
COMMITTED.NS,NSE SME Emerge,SME (unclassified)
PLADAINFO.NS,NSE SME Emerge,SME (unclassified)
SCML.NS,NSE SME Emerge,SME (unclassified)
KARNIKA.NS,NSE SME Emerge,SME (unclassified)
OLIL.NS,NSE SME Emerge,SME (unclassified)
GOYALSALT.NS,NSE SME Emerge,SME (unclassified)
CANARYS.NS,NSE SME Emerge,SME (unclassified)
KONTOR.NS,NSE SME Emerge,SME (unclassified)
VISHNUINFR.NS,NSE SME Emerge,SME (unclassified)
ARABIAN.NS,NSE SME Emerge,SME (unclassified)
EFACTOR.NS,NSE SME Emerge,SME (unclassified)
VINYAS.NS,NSE SME Emerge,SME (unclassified)
NEWJAISA.NS,NSE SME Emerge,SME (unclassified)
INSPIRE.NS,NSE SME Emerge,SME (unclassified)
DIGIKORE.NS,NSE SME Emerge,SME (unclassified)
MAL.NS,NSE SME Emerge,SME (unclassified)
SAAKSHI.NS,NSE SME Emerge,SME (unclassified)
MASTER.NS,NSE SME Emerge,SME (unclassified)
HIGREEN.NS,NSE SME Emerge,SME (unclassified)
CELLECOR.NS,NSE SME Emerge,SME (unclassified)
MARCO.NS,NSE SME Emerge,SME (unclassified)
KODYTECH.NS,NSE SME Emerge,SME (unclassified)
MADHUSUDAN.NS,NSE SME Emerge,SME (unclassified)
KEL.NS,NSE SME Emerge,SME (unclassified)
CHAVDA.NS,NSE SME Emerge,SME (unclassified)
HOLMARC.NS,NSE SME Emerge,SME (unclassified)
UNIHEALTH.NS,NSE SME Emerge,SME (unclassified)
JIWANRAM.NS,NSE SME Emerge,SME (unclassified)
PRAMARA.NS,NSE SME Emerge,SME (unclassified)
SAROJA.NS,NSE SME Emerge,SME (unclassified)
BASILIC.NS,NSE SME Emerge,SME (unclassified)
MONOPHARMA.NS,NSE SME Emerge,SME (unclassified)
CPS.NS,NSE SME Emerge,SME (unclassified)
SEL.NS,NSE SME Emerge,SME (unclassified)
CLSL.NS,NSE SME Emerge,SME (unclassified)
SSFL.NS,NSE SME Emerge,SME (unclassified)
YUDIZ.NS,NSE SME Emerge,SME (unclassified)
SANGANI.NS,NSE SME Emerge,SME (unclassified)
ORIANA.NS,NSE SME Emerge,SME (unclassified)
VINSYS.NS,NSE SME Emerge,SME (unclassified)
ZEAL.NS,NSE SME Emerge,SME (unclassified)
SHRITECH.NS,NSE SME Emerge,SME (unclassified)
YCCL.NS,NSE SME Emerge,SME (unclassified)
SERVICE.NS,NSE SME Emerge,SME (unclassified)
DRONE.NS,NSE SME Emerge,SME (unclassified)
SYNOPTICS.NS,NSE SME Emerge,SME (unclassified)
TRIDHYA.NS,NSE SME Emerge,SME (unclassified)
GLOBALPET.NS,NSE SME Emerge,SME (unclassified)
PENTAGON.NS,NSE SME Emerge,SME (unclassified)
MAGSON.NS,NSE SME Emerge,SME (unclassified)
ESFL.NS,NSE SME Emerge,SME (unclassified)
GREENCHEF.NS,NSE SME Emerge,SME (unclassified)
VILINBIO.NS,NSE SME Emerge,SME (unclassified)
AATMAJ.NS,NSE SME Emerge,SME (unclassified)
CELLPOINT.NS,NSE SME Emerge,SME (unclassified)
SPECTSTM.NS,NSE SME Emerge,SME (unclassified)
URBAN.NS,NSE SME Emerge,SME (unclassified)
KDL.NS,NSE SME Emerge,SME (unclassified)
SAHANA.NS,NSE SME Emerge,SME (unclassified)
INFOLLION.NS,NSE SME Emerge,SME (unclassified)
PROV.NS,NSE SME Emerge,SME (unclassified)
CRAYONS.NS,NSE SME Emerge,SME (unclassified)
DENTALKART.NS,NSE SME Emerge,SME (unclassified)
REMUS.NS,NSE SME Emerge,SME (unclassified)
KRISHCA.NS,NSE SME Emerge,SME (unclassified)
AUROIMPEX.NS,NSE SME Emerge,SME (unclassified)
DENEERS.NS,NSE SME Emerge,SME (unclassified)
QUICKTOUCH.NS,NSE SME Emerge,SME (unclassified)
AGUL.NS,NSE SME Emerge,SME (unclassified)
PATTECH.NS,NSE SME Emerge,SME (unclassified)
MOS.NS,NSE SME Emerge,SME (unclassified)
INFINIUM.NS,NSE SME Emerge,SME (unclassified)
SOTAC.NS,NSE SME Emerge,SME (unclassified)
NIRMAN.NS,NSE SME Emerge,SME (unclassified)
QFIL.NS,NSE SME Emerge,SME (unclassified)
VELS.NS,NSE SME Emerge,SME (unclassified)
MCON.NS,NSE SME Emerge,SME (unclassified)
VERTEXPLUS.NS,NSE SME Emerge,SME (unclassified)
SYSTANGO.NS,NSE SME Emerge,SME (unclassified)
SRIVASAVI.NS,NSE SME Emerge,SME (unclassified)
VIAZ.NS,NSE SME Emerge,SME (unclassified)
AGARWALFT.NS,NSE SME Emerge,SME (unclassified)
LRRPL.NS,NSE SME Emerge,SME (unclassified)
SHERA.NS,NSE SME Emerge,SME (unclassified)
GRCL.NS,NSE SME Emerge,SME (unclassified)
ARISTO.NS,NSE SME Emerge,SME (unclassified)
DUCOL.NS,NSE SME Emerge,SME (unclassified)
CMNL.NS,NSE SME Emerge,SME (unclassified)
ANLON.NS,NSE SME Emerge,SME (unclassified)
RBMINFRA.NS,NSE SME Emerge,SME (unclassified)
HOMESFY.NS,NSE SME Emerge,SME (unclassified)
MOXSH.NS,NSE SME Emerge,SME (unclassified)
UMA.NS,NSE SME Emerge,SME (unclassified)
ARIHANTACA.NS,NSE SME Emerge,SME (unclassified)
DOLLEX.NS,NSE SME Emerge,SME (unclassified)
ALLETEC.NS,NSE SME Emerge,SME (unclassified)
ARHAM.NS,NSE SME Emerge,SME (unclassified)
BAHETI.NS,NSE SME Emerge,SME (unclassified)
PRITIKA.NS,NSE SME Emerge,SME (unclassified)
AMIABLE.NS,NSE SME Emerge,SME (unclassified)
IPSL.NS,NSE SME Emerge,SME (unclassified)
RITEZONE.NS,NSE SME Emerge,SME (unclassified)
PHANTOMFX.NS,NSE SME Emerge,SME (unclassified)
FROG.NS,NSE SME Emerge,SME (unclassified)
SWASTIK.NS,NSE SME Emerge,SME (unclassified)
LLOYDS.NS,NSE SME Emerge,SME (unclassified)
CMRSL.NS,NSE SME Emerge,SME (unclassified)
KANDARP.NS,NSE SME Emerge,SME (unclassified)
MAKS.NS,NSE SME Emerge,SME (unclassified)
ANNAPURNA.NS,NSE SME Emerge,SME (unclassified)
ISHAN.NS,NSE SME Emerge,SME (unclassified)
TAPIFRUIT.NS,NSE SME Emerge,SME (unclassified)
SABAR.NS,NSE SME Emerge,SME (unclassified)
MEGAFLEX.NS,NSE SME Emerge,SME (unclassified)
KORE.NS,NSE SME Emerge,SME (unclassified)
AMEYA.NS,NSE SME Emerge,SME (unclassified)
JFLLIFE.NS,NSE SME Emerge,SME (unclassified)
VEEKAYEM.NS,NSE SME Emerge,SME (unclassified)
USASEEDS.NS,NSE SME Emerge,SME (unclassified)
AGNI.NS,NSE SME Emerge,SME (unclassified)
SKP.NS,NSE SME Emerge,SME (unclassified)
KCK.NS,NSE SME Emerge,SME (unclassified)
FIDEL.NS,NSE SME Emerge,SME (unclassified)
RILINFRA.NS,NSE SME Emerge,SME (unclassified)
GSTL.NS,NSE SME Emerge,SME (unclassified)
SONUINFRA.NS,NSE SME Emerge,SME (unclassified)
PROPEQUITY.NS,NSE SME Emerge,SME (unclassified)
SWARAJ.NS,NSE SME Emerge,SME (unclassified)
COOLCAPS.NS,NSE SME Emerge,SME (unclassified)
SPRL.NS,NSE SME Emerge,SME (unclassified)
SHIGAN.NS,NSE SME Emerge,SME (unclassified)
MADHAVBAUG.NS,NSE SME Emerge,SME (unclassified)
RICHA.NS,NSE SME Emerge,SME (unclassified)
PRECISION.NS,NSE SME Emerge,SME (unclassified)
TIMESCAN.NS,NSE SME Emerge,SME (unclassified)
VIVO.NS,NSE SME Emerge,SME (unclassified)
FOCE.NS,NSE SME Emerge,SME (unclassified)
NIDAN.NS,NSE SME Emerge,SME (unclassified)
DKEGL.NS,NSE SME Emerge,SME (unclassified)
DYNAMIC.NS,NSE SME Emerge,SME (unclassified)
DESTINY.NS,NSE SME Emerge,SME (unclassified)
BMETRICS.NS,NSE SME Emerge,SME (unclassified)
JAINAM.NS,NSE SME Emerge,SME (unclassified)
QUADPRO.NS,NSE SME Emerge,SME (unclassified)
BEWLTD.NS,NSE SME Emerge,SME (unclassified)
DUGLOBAL.NS,NSE SME Emerge,SME (unclassified)
REXPIPES.NS,NSE SME Emerge,SME (unclassified)
WALPAR.NS,NSE SME Emerge,SME (unclassified)
AILIMITED.NS,NSE SME Emerge,SME (unclassified)
VMARCIND.NS,NSE SME Emerge,SME (unclassified)
SIDDHIKA.NS,NSE SME Emerge,SME (unclassified)
PARTYCRUS.NS,NSE SME Emerge,SME (unclassified)
ASCOM.NS,NSE SME Emerge,SME (unclassified)
GOLDKART.NS,NSE SME Emerge,SME (unclassified)
KHFM.NS,NSE SME Emerge,SME (unclassified)
MINDPOOL.NS,NSE SME Emerge,SME (unclassified)
SURANI.NS,NSE SME Emerge,SME (unclassified)
DRSDILIP.NS,NSE SME Emerge,SME (unclassified)
SHUBHLAXMI.NS,NSE SME Emerge,SME (unclassified)
UWCSL.NS,NSE SME Emerge,SME (unclassified)
PARIN.NS,NSE SME Emerge,SME (unclassified)
UCL.NS,NSE SME Emerge,SME (unclassified)
AMBANIORGO.NS,NSE SME Emerge,SME (unclassified)
JAKHARIA.NS,NSE SME Emerge,SME (unclassified)
MAHICKRA.NS,NSE SME Emerge,SME (unclassified)
VERA.NS,NSE SME Emerge,SME (unclassified)
CONTI.NS,NSE SME Emerge,SME (unclassified)
GIRIRAJ.NS,NSE SME Emerge,SME (unclassified)
MDL.NS,NSE SME Emerge,SME (unclassified)
MHHL.NS,NSE SME Emerge,SME (unclassified)
PARAMPARA.NS,NSE SME Emerge,SME (unclassified)
VASA.NS,NSE SME Emerge,SME (unclassified)
SMVD.NS,NSE SME Emerge,SME (unclassified)
FELIX.NS,NSE SME Emerge,SME (unclassified)
PULZ.NS,NSE SME Emerge,SME (unclassified)
AISL.NS,NSE SME Emerge,SME (unclassified)
MILTON.NS,NSE SME Emerge,SME (unclassified)
OMFURN.NS,NSE SME Emerge,SME (unclassified)
GOLDSTAR.NS,NSE SME Emerge,SME (unclassified)
TIRUPATI.NS,NSE SME Emerge,SME (unclassified)
CADSYS.NS,NSE SME Emerge,SME (unclassified)
MPTODAY.NS,NSE SME Emerge,SME (unclassified)
MANAV.NS,NSE SME Emerge,SME (unclassified)
TRANSWIND.NS,NSE SME Emerge,SME (unclassified)
ACCORD.NS,NSE SME Emerge,SME (unclassified)
VSCL.NS,NSE SME Emerge,SME (unclassified)
JALAN.NS,NSE SME Emerge,SME (unclassified)
AVATAR.NS,NSE SME Emerge,SME (unclassified)
PROLIFE.NS,NSE SME Emerge,SME (unclassified)
DIRL.NS,NSE SME Emerge,SME (unclassified)
ALCODIS.NS,NSE SME Emerge,SME (unclassified)
GRETEX.NS,NSE SME Emerge,SME (unclassified)
JETKNIT.NS,NSE SME Emerge,SME (unclassified)
AVSL.NS,NSE SME Emerge,SME (unclassified)
KKVAPOW.NS,NSE SME Emerge,SME (unclassified)
PERFECT.NS,NSE SME Emerge,SME (unclassified)
AHIMSA.NS,NSE SME Emerge,SME (unclassified)
SHAIVAL.NS,NSE SME Emerge,SME (unclassified)
EMKAYTOOLS.NS,NSE SME Emerge,SME (unclassified)
TIMEX.NS,Watchlist,Unknown
INDOSMC.BO,Watchlist,Unknown
KISSHT.NS,Watchlist,Unknown
ZELIO.BO,Watchlist,Unknown
AKIKO-SM.NS,Watchlist,Unknown
VIGOR-SM.NS,Watchlist,Unknown
